species,dif.leaf,status,chilling,photoperiod,group
垂珠花,39,2,C1,P10,C1/P10
垂珠花,21,2,C1,P10,C1/P10
短柄,23,2,C1,P10,C1/P10
短柄,21,2,C1,P10,C1/P10
短柄,23,2,C1,P10,C1/P10
短柄,19,2,C1,P10,C1/P10
短柄,23,2,C1,P10,C1/P10
短柄,23,2,C1,P10,C1/P10
光叶石楠,21,2,C1,P10,C1/P10
光叶石楠,16,2,C1,P10,C1/P10
光叶石楠,33,2,C1,P10,C1/P10
光叶石楠,14,2,C1,P10,C1/P10
光叶石楠,21,2,C1,P10,C1/P10
红淡比,33,2,C1,P10,C1/P10
红枝柴,54,2,C1,P10,C1/P10
黄瑞木,21,2,C1,P10,C1/P10
黄瑞木,33,2,C1,P10,C1/P10
黄瑞木,37,2,C1,P10,C1/P10
灰白蜡瓣花,30,2,C1,P10,C1/P10
灰白蜡瓣花,23,2,C1,P10,C1/P10
灰白蜡瓣花,37,2,C1,P10,C1/P10
灰白蜡瓣花,37,2,C1,P10,C1/P10
灰白蜡瓣花,33,2,C1,P10,C1/P10
木,23,2,C1,P10,C1/P10
木,19,2,C1,P10,C1/P10
木,21,2,C1,P10,C1/P10
木,23,2,C1,P10,C1/P10
矩叶卫矛,14,2,C1,P10,C1/P10
雷公鹅耳枥,56,2,C1,P10,C1/P10
雷公鹅耳枥,56,2,C1,P10,C1/P10
雷公鹅耳枥,56,2,C1,P10,C1/P10
马银花,25,2,C1,P10,C1/P10
马银花,21,2,C1,P10,C1/P10
马银花,37,2,C1,P10,C1/P10
马银花,21,2,C1,P10,C1/P10
满山红,30,2,C1,P10,C1/P10
毛八角枫,28,2,C1,P10,C1/P10
毛花连蕊茶,52,2,C1,P10,C1/P10
毛花连蕊茶,37,2,C1,P10,C1/P10
美丽马醉木,21,2,C1,P10,C1/P10
美丽马醉木,41,2,C1,P10,C1/P10
美丽马醉木,23,2,C1,P10,C1/P10
美丽马醉木,25,2,C1,P10,C1/P10
南酸枣,19,2,C1,P10,C1/P10
南酸枣,23,2,C1,P10,C1/P10
拟赤杨,14,2,C1,P10,C1/P10
披针叶茴香,56,2,C1,P10,C1/P10
披针叶茴香,21,2,C1,P10,C1/P10
披针叶茴香,30,2,C1,P10,C1/P10
披针叶茴香,37,2,C1,P10,C1/P10
石斑木,19,2,C1,P10,C1/P10
石斑木,23,2,C1,P10,C1/P10
石斑木,52,2,C1,P10,C1/P10
薯豆,25,2,C1,P10,C1/P10
薯豆,25,2,C1,P10,C1/P10
薯豆,30,2,C1,P10,C1/P10
乌冈栎,21,2,C1,P10,C1/P10
小果石笔木,52,2,C1,P10,C1/P10
小果石笔木,23,2,C1,P10,C1/P10
小叶石楠,25,2,C1,P10,C1/P10
小叶石楠,48,2,C1,P10,C1/P10
小叶石楠,28,2,C1,P10,C1/P10
小叶石楠,28,2,C1,P10,C1/P10
小叶石楠,25,2,C1,P10,C1/P10
映山红,28,2,C1,P10,C1/P10
映山红,28,2,C1,P10,C1/P10
映山红,25,2,C1,P10,C1/P10
映山红,23,2,C1,P10,C1/P10
映山红,25,2,C1,P10,C1/P10
郁香野茉莉,21,2,C1,P10,C1/P10
浙江柿,19,2,C1,P10,C1/P10
浙江柿,19,2,C1,P10,C1/P10
浙江柿,28,2,C1,P10,C1/P10
浙江柿,23,2,C1,P10,C1/P10
浙闽樱,11,2,C1,P10,C1/P10
垂珠花,56,1,C1,P10,C1/P10
垂珠花,56,1,C1,P10,C1/P10
垂珠花,56,1,C1,P10,C1/P10
垂珠花,56,1,C1,P10,C1/P10
枫香,33,1,C1,P10,C1/P10
枫香,56,1,C1,P10,C1/P10
枫香,56,1,C1,P10,C1/P10
枫香,56,1,C1,P10,C1/P10
枫香,56,1,C1,P10,C1/P10
枫香,56,1,C1,P10,C1/P10
光叶石楠,56,1,C1,P10,C1/P10
红淡比,56,1,C1,P10,C1/P10
红淡比,56,1,C1,P10,C1/P10
红淡比,56,1,C1,P10,C1/P10
红淡比,56,1,C1,P10,C1/P10
红淡比,56,1,C1,P10,C1/P10
红枝柴,56,1,C1,P10,C1/P10
红枝柴,56,1,C1,P10,C1/P10
红枝柴,56,1,C1,P10,C1/P10
红枝柴,56,1,C1,P10,C1/P10
红枝柴,56,1,C1,P10,C1/P10
黄瑞木,56,1,C1,P10,C1/P10
黄瑞木,56,1,C1,P10,C1/P10
黄瑞木,56,1,C1,P10,C1/P10
灰白蜡瓣花,56,1,C1,P10,C1/P10
灰白蜡瓣花,56,1,C1,P10,C1/P10
木,56,1,C1,P10,C1/P10
木,56,1,C1,P10,C1/P10
矩叶卫矛,30,1,C1,P10,C1/P10
矩叶卫矛,30,1,C1,P10,C1/P10
矩叶卫矛,56,1,C1,P10,C1/P10
矩叶卫矛,33,1,C1,P10,C1/P10
矩叶卫矛,30,1,C1,P10,C1/P10
雷公鹅耳枥,56,1,C1,P10,C1/P10
雷公鹅耳枥,56,1,C1,P10,C1/P10
雷公鹅耳枥,56,1,C1,P10,C1/P10
马银花,56,1,C1,P10,C1/P10
马银花,56,1,C1,P10,C1/P10
满山红,56,1,C1,P10,C1/P10
满山红,56,1,C1,P10,C1/P10
满山红,33,1,C1,P10,C1/P10
满山红,56,1,C1,P10,C1/P10
满山红,56,1,C1,P10,C1/P10
毛八角枫,56,1,C1,P10,C1/P10
毛八角枫,56,1,C1,P10,C1/P10
毛八角枫,56,1,C1,P10,C1/P10
毛八角枫,56,1,C1,P10,C1/P10
毛八角枫,56,1,C1,P10,C1/P10
毛花连蕊茶,56,1,C1,P10,C1/P10
毛花连蕊茶,56,1,C1,P10,C1/P10
毛花连蕊茶,56,1,C1,P10,C1/P10
毛花连蕊茶,56,1,C1,P10,C1/P10
美丽马醉木,56,1,C1,P10,C1/P10
美丽马醉木,56,1,C1,P10,C1/P10
南酸枣,56,1,C1,P10,C1/P10
南酸枣,56,1,C1,P10,C1/P10
南酸枣,56,1,C1,P10,C1/P10
南酸枣,56,1,C1,P10,C1/P10
拟赤杨,56,1,C1,P10,C1/P10
拟赤杨,56,1,C1,P10,C1/P10
拟赤杨,56,1,C1,P10,C1/P10
拟赤杨,56,1,C1,P10,C1/P10
拟赤杨,56,1,C1,P10,C1/P10
披针叶茴香,56,1,C1,P10,C1/P10
披针叶茴香,56,1,C1,P10,C1/P10
山矾,56,1,C1,P10,C1/P10
山矾,56,1,C1,P10,C1/P10
山矾,56,1,C1,P10,C1/P10
山矾,56,1,C1,P10,C1/P10
山矾,56,1,C1,P10,C1/P10
山矾,56,1,C1,P10,C1/P10
山胡椒,56,1,C1,P10,C1/P10
山胡椒,56,1,C1,P10,C1/P10
山胡椒,56,1,C1,P10,C1/P10
山胡椒,56,1,C1,P10,C1/P10
石斑木,56,1,C1,P10,C1/P10
石斑木,56,1,C1,P10,C1/P10
石斑木,56,1,C1,P10,C1/P10
薯豆,45,1,C1,P10,C1/P10
薯豆,19,1,C1,P10,C1/P10
薯豆,56,1,C1,P10,C1/P10
甜槠,56,1,C1,P10,C1/P10
甜槠,56,1,C1,P10,C1/P10
甜槠,54,1,C1,P10,C1/P10
甜槠,37,1,C1,P10,C1/P10
甜槠,56,1,C1,P10,C1/P10
甜槠,33,1,C1,P10,C1/P10
乌冈栎,33,1,C1,P10,C1/P10
乌冈栎,33,1,C1,P10,C1/P10
乌冈栎,37,1,C1,P10,C1/P10
乌冈栎,56,1,C1,P10,C1/P10
乌冈栎,30,1,C1,P10,C1/P10
小果石笔木,56,1,C1,P10,C1/P10
小果石笔木,56,1,C1,P10,C1/P10
小果石笔木,56,1,C1,P10,C1/P10
小果石笔木,56,1,C1,P10,C1/P10
宜昌荚o,56,1,C1,P10,C1/P10
宜昌荚o,56,1,C1,P10,C1/P10
宜昌荚o,56,1,C1,P10,C1/P10
宜昌荚o,56,1,C1,P10,C1/P10
宜昌荚o,30,1,C1,P10,C1/P10
宜昌荚o,56,1,C1,P10,C1/P10
映山红,56,1,C1,P10,C1/P10
郁香野茉莉,56,1,C1,P10,C1/P10
郁香野茉莉,56,1,C1,P10,C1/P10
郁香野茉莉,56,1,C1,P10,C1/P10
郁香野茉莉,56,1,C1,P10,C1/P10
郁香野茉莉,56,1,C1,P10,C1/P10
郁香野茉莉,56,1,C1,P10,C1/P10
浙江柿,56,1,C1,P10,C1/P10
浙江柿,56,1,C1,P10,C1/P10
浙闽樱,56,1,C1,P10,C1/P10
浙闽樱,30,1,C1,P10,C1/P10
浙闽樱,56,1,C1,P10,C1/P10
浙闽樱,56,1,C1,P10,C1/P10
浙闽樱,16,1,C1,P10,C1/P10
紫果槭,56,1,C1,P10,C1/P10
紫果槭,56,1,C1,P10,C1/P10
紫果槭,56,1,C1,P10,C1/P10
紫果槭,56,1,C1,P10,C1/P10
紫果槭,56,1,C1,P10,C1/P10
紫果槭,56,1,C1,P10,C1/P10
紫果槭,56,1,C1,P10,C1/P10
紫果槭,56,1,C1,P10,C1/P10
垂珠花,37,2,C1,P12,C1/P12
垂珠花,25,2,C1,P12,C1/P12
垂珠花,19,2,C1,P12,C1/P12
垂珠花,19,2,C1,P12,C1/P12
短柄,19,2,C1,P12,C1/P12
短柄,21,2,C1,P12,C1/P12
短柄,19,2,C1,P12,C1/P12
短柄,25,2,C1,P12,C1/P12
短柄,19,2,C1,P12,C1/P12
光叶石楠,21,2,C1,P12,C1/P12
光叶石楠,25,2,C1,P12,C1/P12
黄瑞木,28,2,C1,P12,C1/P12
灰白蜡瓣花,28,2,C1,P12,C1/P12
灰白蜡瓣花,25,2,C1,P12,C1/P12
灰白蜡瓣花,32,2,C1,P12,C1/P12
灰白蜡瓣花,32,2,C1,P12,C1/P12
木,21,2,C1,P12,C1/P12
木,32,2,C1,P12,C1/P12
木,30,2,C1,P12,C1/P12
木,16,2,C1,P12,C1/P12
木,21,2,C1,P12,C1/P12
木,19,2,C1,P12,C1/P12
矩叶卫矛,23,2,C1,P12,C1/P12
雷公鹅耳枥,37,2,C1,P12,C1/P12
雷公鹅耳枥,48,2,C1,P12,C1/P12
雷公鹅耳枥,56,2,C1,P12,C1/P12
雷公鹅耳枥,39,2,C1,P12,C1/P12
雷公鹅耳枥,41,2,C1,P12,C1/P12
马银花,19,2,C1,P12,C1/P12
马银花,25,2,C1,P12,C1/P12
马银花,37,2,C1,P12,C1/P12
马银花,30,2,C1,P12,C1/P12
马银花,23,2,C1,P12,C1/P12
满山红,25,2,C1,P12,C1/P12
满山红,25,2,C1,P12,C1/P12
毛花连蕊茶,39,2,C1,P12,C1/P12
毛花连蕊茶,37,2,C1,P12,C1/P12
毛花连蕊茶,32,2,C1,P12,C1/P12
毛花连蕊茶,9,2,C1,P12,C1/P12
美丽马醉木,14,2,C1,P12,C1/P12
美丽马醉木,28,2,C1,P12,C1/P12
美丽马醉木,21,2,C1,P12,C1/P12
美丽马醉木,39,2,C1,P12,C1/P12
美丽马醉木,19,2,C1,P12,C1/P12
美丽马醉木,19,2,C1,P12,C1/P12
南酸枣,16,2,C1,P12,C1/P12
南酸枣,19,2,C1,P12,C1/P12
拟赤杨,14,2,C1,P12,C1/P12
拟赤杨,19,2,C1,P12,C1/P12
披针叶茴香,41,2,C1,P12,C1/P12
披针叶茴香,23,2,C1,P12,C1/P12
披针叶茴香,45,2,C1,P12,C1/P12
披针叶茴香,25,2,C1,P12,C1/P12
披针叶茴香,28,2,C1,P12,C1/P12
山矾,25,2,C1,P12,C1/P12
石斑木,33,2,C1,P12,C1/P12
石斑木,30,2,C1,P12,C1/P12
石斑木,14,2,C1,P12,C1/P12
薯豆,56,2,C1,P12,C1/P12
薯豆,23,2,C1,P12,C1/P12
薯豆,21,2,C1,P12,C1/P12
乌冈栎,25,2,C1,P12,C1/P12
乌冈栎,19,2,C1,P12,C1/P12
小果石笔木,21,2,C1,P12,C1/P12
小果石笔木,21,2,C1,P12,C1/P12
小果石笔木,30,2,C1,P12,C1/P12
小叶石楠,19,2,C1,P12,C1/P12
小叶石楠,28,2,C1,P12,C1/P12
小叶石楠,21,2,C1,P12,C1/P12
小叶石楠,25,2,C1,P12,C1/P12
小叶石楠,19,2,C1,P12,C1/P12
映山红,28,2,C1,P12,C1/P12
映山红,19,2,C1,P12,C1/P12
映山红,21,2,C1,P12,C1/P12
郁香野茉莉,32,2,C1,P12,C1/P12
浙江柿,23,2,C1,P12,C1/P12
浙江柿,21,2,C1,P12,C1/P12
浙江柿,37,2,C1,P12,C1/P12
浙闽樱,19,2,C1,P12,C1/P12
浙闽樱,19,2,C1,P12,C1/P12
浙闽樱,21,2,C1,P12,C1/P12
浙闽樱,19,2,C1,P12,C1/P12
紫果槭,28,2,C1,P12,C1/P12
垂珠花,56,1,C1,P12,C1/P12
垂珠花,56,1,C1,P12,C1/P12
短柄,56,1,C1,P12,C1/P12
枫香,56,1,C1,P12,C1/P12
枫香,56,1,C1,P12,C1/P12
枫香,56,1,C1,P12,C1/P12
枫香,56,1,C1,P12,C1/P12
枫香,56,1,C1,P12,C1/P12
枫香,56,1,C1,P12,C1/P12
光叶石楠,56,1,C1,P12,C1/P12
光叶石楠,56,1,C1,P12,C1/P12
光叶石楠,56,1,C1,P12,C1/P12
光叶石楠,56,1,C1,P12,C1/P12
红淡比,56,1,C1,P12,C1/P12
红淡比,56,1,C1,P12,C1/P12
红淡比,56,1,C1,P12,C1/P12
红淡比,56,1,C1,P12,C1/P12
红淡比,56,1,C1,P12,C1/P12
红淡比,56,1,C1,P12,C1/P12
红枝柴,56,1,C1,P12,C1/P12
红枝柴,56,1,C1,P12,C1/P12
红枝柴,56,1,C1,P12,C1/P12
红枝柴,56,1,C1,P12,C1/P12
红枝柴,56,1,C1,P12,C1/P12
红枝柴,56,1,C1,P12,C1/P12
黄瑞木,56,1,C1,P12,C1/P12
黄瑞木,56,1,C1,P12,C1/P12
黄瑞木,56,1,C1,P12,C1/P12
黄瑞木,56,1,C1,P12,C1/P12
黄瑞木,21,1,C1,P12,C1/P12
灰白蜡瓣花,56,1,C1,P12,C1/P12
矩叶卫矛,14,1,C1,P12,C1/P12
矩叶卫矛,33,1,C1,P12,C1/P12
矩叶卫矛,30,1,C1,P12,C1/P12
矩叶卫矛,30,1,C1,P12,C1/P12
矩叶卫矛,30,1,C1,P12,C1/P12
雷公鹅耳枥,56,1,C1,P12,C1/P12
马银花,56,1,C1,P12,C1/P12
满山红,28,1,C1,P12,C1/P12
满山红,56,1,C1,P12,C1/P12
满山红,56,1,C1,P12,C1/P12
满山红,33,1,C1,P12,C1/P12
毛八角枫,56,1,C1,P12,C1/P12
毛八角枫,56,1,C1,P12,C1/P12
毛八角枫,56,1,C1,P12,C1/P12
毛八角枫,56,1,C1,P12,C1/P12
毛八角枫,56,1,C1,P12,C1/P12
毛八角枫,56,1,C1,P12,C1/P12
毛花连蕊茶,56,1,C1,P12,C1/P12
毛花连蕊茶,56,1,C1,P12,C1/P12
南酸枣,56,1,C1,P12,C1/P12
南酸枣,56,1,C1,P12,C1/P12
南酸枣,56,1,C1,P12,C1/P12
南酸枣,56,1,C1,P12,C1/P12
拟赤杨,14,1,C1,P12,C1/P12
拟赤杨,56,1,C1,P12,C1/P12
拟赤杨,56,1,C1,P12,C1/P12
拟赤杨,56,1,C1,P12,C1/P12
披针叶茴香,56,1,C1,P12,C1/P12
山矾,56,1,C1,P12,C1/P12
山矾,56,1,C1,P12,C1/P12
山矾,56,1,C1,P12,C1/P12
山矾,56,1,C1,P12,C1/P12
山矾,56,1,C1,P12,C1/P12
山胡椒,56,1,C1,P12,C1/P12
山胡椒,56,1,C1,P12,C1/P12
山胡椒,56,1,C1,P12,C1/P12
山胡椒,56,1,C1,P12,C1/P12
石斑木,56,1,C1,P12,C1/P12
石斑木,56,1,C1,P12,C1/P12
石斑木,56,1,C1,P12,C1/P12
薯豆,56,1,C1,P12,C1/P12
薯豆,19,1,C1,P12,C1/P12
薯豆,56,1,C1,P12,C1/P12
甜槠,56,1,C1,P12,C1/P12
甜槠,56,1,C1,P12,C1/P12
甜槠,56,1,C1,P12,C1/P12
甜槠,56,1,C1,P12,C1/P12
甜槠,56,1,C1,P12,C1/P12
甜槠,56,1,C1,P12,C1/P12
乌冈栎,21,1,C1,P12,C1/P12
乌冈栎,28,1,C1,P12,C1/P12
乌冈栎,56,1,C1,P12,C1/P12
乌冈栎,39,1,C1,P12,C1/P12
小果石笔木,56,1,C1,P12,C1/P12
小果石笔木,56,1,C1,P12,C1/P12
小果石笔木,56,1,C1,P12,C1/P12
宜昌荚o,56,1,C1,P12,C1/P12
宜昌荚o,56,1,C1,P12,C1/P12
宜昌荚o,56,1,C1,P12,C1/P12
宜昌荚o,56,1,C1,P12,C1/P12
宜昌荚o,56,1,C1,P12,C1/P12
宜昌荚o,56,1,C1,P12,C1/P12
映山红,56,1,C1,P12,C1/P12
映山红,33,1,C1,P12,C1/P12
映山红,56,1,C1,P12,C1/P12
郁香野茉莉,56,1,C1,P12,C1/P12
郁香野茉莉,56,1,C1,P12,C1/P12
郁香野茉莉,56,1,C1,P12,C1/P12
郁香野茉莉,56,1,C1,P12,C1/P12
浙江柿,56,1,C1,P12,C1/P12
浙江柿,56,1,C1,P12,C1/P12
浙江柿,56,1,C1,P12,C1/P12
浙闽樱,14,1,C1,P12,C1/P12
浙闽樱,56,1,C1,P12,C1/P12
紫果槭,56,1,C1,P12,C1/P12
紫果槭,56,1,C1,P12,C1/P12
紫果槭,56,1,C1,P12,C1/P12
垂珠花,16,2,C1,P14,C1/P14
垂珠花,32,2,C1,P14,C1/P14
短柄,14,2,C1,P14,C1/P14
短柄,11,2,C1,P14,C1/P14
短柄,23,2,C1,P14,C1/P14
短柄,21,2,C1,P14,C1/P14
短柄,23,2,C1,P14,C1/P14
光叶石楠,8,2,C1,P14,C1/P14
光叶石楠,14,2,C1,P14,C1/P14
光叶石楠,16,2,C1,P14,C1/P14
光叶石楠,25,2,C1,P14,C1/P14
红淡比,19,2,C1,P14,C1/P14
灰白蜡瓣花,19,2,C1,P14,C1/P14
灰白蜡瓣花,25,2,C1,P14,C1/P14
木,23,2,C1,P14,C1/P14
木,25,2,C1,P14,C1/P14
木,19,2,C1,P14,C1/P14
木,25,2,C1,P14,C1/P14
木,23,2,C1,P14,C1/P14
木,23,2,C1,P14,C1/P14
矩叶卫矛,16,2,C1,P14,C1/P14
矩叶卫矛,11,2,C1,P14,C1/P14
雷公鹅耳枥,52,2,C1,P14,C1/P14
雷公鹅耳枥,52,2,C1,P14,C1/P14
雷公鹅耳枥,52,2,C1,P14,C1/P14
雷公鹅耳枥,19,2,C1,P14,C1/P14
马银花,21,2,C1,P14,C1/P14
马银花,21,2,C1,P14,C1/P14
马银花,21,2,C1,P14,C1/P14
马银花,25,2,C1,P14,C1/P14
马银花,19,2,C1,P14,C1/P14
马银花,32,2,C1,P14,C1/P14
满山红,27,2,C1,P14,C1/P14
毛花连蕊茶,33,2,C1,P14,C1/P14
美丽马醉木,21,2,C1,P14,C1/P14
美丽马醉木,19,2,C1,P14,C1/P14
美丽马醉木,19,2,C1,P14,C1/P14
美丽马醉木,19,2,C1,P14,C1/P14
南酸枣,23,2,C1,P14,C1/P14
拟赤杨,14,2,C1,P14,C1/P14
拟赤杨,19,2,C1,P14,C1/P14
披针叶茴香,39,2,C1,P14,C1/P14
披针叶茴香,39,2,C1,P14,C1/P14
山矾,21,2,C1,P14,C1/P14
石斑木,56,2,C1,P14,C1/P14
石斑木,52,2,C1,P14,C1/P14
石斑木,19,2,C1,P14,C1/P14
薯豆,27,2,C1,P14,C1/P14
薯豆,27,2,C1,P14,C1/P14
薯豆,23,2,C1,P14,C1/P14
薯豆,27,2,C1,P14,C1/P14
甜槠,37,2,C1,P14,C1/P14
乌冈栎,23,2,C1,P14,C1/P14
小果石笔木,21,2,C1,P14,C1/P14
小果石笔木,25,2,C1,P14,C1/P14
小叶石楠,21,2,C1,P14,C1/P14
小叶石楠,45,2,C1,P14,C1/P14
小叶石楠,23,2,C1,P14,C1/P14
小叶石楠,23,2,C1,P14,C1/P14
小叶石楠,30,2,C1,P14,C1/P14
宜昌荚o,19,2,C1,P14,C1/P14
宜昌荚o,27,2,C1,P14,C1/P14
宜昌荚o,41,2,C1,P14,C1/P14
映山红,25,2,C1,P14,C1/P14
映山红,19,2,C1,P14,C1/P14
映山红,25,2,C1,P14,C1/P14
映山红,23,2,C1,P14,C1/P14
映山红,30,2,C1,P14,C1/P14
郁香野茉莉,25,2,C1,P14,C1/P14
郁香野茉莉,37,2,C1,P14,C1/P14
郁香野茉莉,25,2,C1,P14,C1/P14
郁香野茉莉,37,2,C1,P14,C1/P14
浙江柿,19,2,C1,P14,C1/P14
浙江柿,21,2,C1,P14,C1/P14
浙江柿,21,2,C1,P14,C1/P14
浙江柿,19,2,C1,P14,C1/P14
浙闽樱,19,2,C1,P14,C1/P14
浙闽樱,14,2,C1,P14,C1/P14
浙闽樱,16,2,C1,P14,C1/P14
浙闽樱,25,2,C1,P14,C1/P14
紫果槭,52,2,C1,P14,C1/P14
垂珠花,56,1,C1,P14,C1/P14
垂珠花,56,1,C1,P14,C1/P14
垂珠花,56,1,C1,P14,C1/P14
垂珠花,56,1,C1,P14,C1/P14
短柄,30,1,C1,P14,C1/P14
枫香,56,1,C1,P14,C1/P14
枫香,56,1,C1,P14,C1/P14
枫香,56,1,C1,P14,C1/P14
枫香,56,1,C1,P14,C1/P14
枫香,56,1,C1,P14,C1/P14
枫香,56,1,C1,P14,C1/P14
光叶石楠,56,1,C1,P14,C1/P14
光叶石楠,56,1,C1,P14,C1/P14
红淡比,56,1,C1,P14,C1/P14
红淡比,56,1,C1,P14,C1/P14
红淡比,56,1,C1,P14,C1/P14
红淡比,56,1,C1,P14,C1/P14
红淡比,56,1,C1,P14,C1/P14
红枝柴,56,1,C1,P14,C1/P14
红枝柴,56,1,C1,P14,C1/P14
红枝柴,56,1,C1,P14,C1/P14
红枝柴,56,1,C1,P14,C1/P14
红枝柴,56,1,C1,P14,C1/P14
红枝柴,56,1,C1,P14,C1/P14
黄瑞木,56,1,C1,P14,C1/P14
黄瑞木,56,1,C1,P14,C1/P14
黄瑞木,56,1,C1,P14,C1/P14
黄瑞木,56,1,C1,P14,C1/P14
黄瑞木,56,1,C1,P14,C1/P14
黄瑞木,56,1,C1,P14,C1/P14
灰白蜡瓣花,56,1,C1,P14,C1/P14
灰白蜡瓣花,56,1,C1,P14,C1/P14
灰白蜡瓣花,56,1,C1,P14,C1/P14
灰白蜡瓣花,56,1,C1,P14,C1/P14
矩叶卫矛,16,1,C1,P14,C1/P14
矩叶卫矛,14,1,C1,P14,C1/P14
矩叶卫矛,14,1,C1,P14,C1/P14
矩叶卫矛,56,1,C1,P14,C1/P14
雷公鹅耳枥,56,1,C1,P14,C1/P14
雷公鹅耳枥,56,1,C1,P14,C1/P14
满山红,56,1,C1,P14,C1/P14
满山红,56,1,C1,P14,C1/P14
满山红,56,1,C1,P14,C1/P14
满山红,56,1,C1,P14,C1/P14
满山红,56,1,C1,P14,C1/P14
毛八角枫,56,1,C1,P14,C1/P14
毛八角枫,56,1,C1,P14,C1/P14
毛八角枫,56,1,C1,P14,C1/P14
毛八角枫,56,1,C1,P14,C1/P14
毛八角枫,56,1,C1,P14,C1/P14
毛八角枫,56,1,C1,P14,C1/P14
毛花连蕊茶,56,1,C1,P14,C1/P14
毛花连蕊茶,56,1,C1,P14,C1/P14
毛花连蕊茶,54,1,C1,P14,C1/P14
毛花连蕊茶,56,1,C1,P14,C1/P14
毛花连蕊茶,56,1,C1,P14,C1/P14
美丽马醉木,56,1,C1,P14,C1/P14
美丽马醉木,56,1,C1,P14,C1/P14
南酸枣,56,1,C1,P14,C1/P14
南酸枣,56,1,C1,P14,C1/P14
南酸枣,56,1,C1,P14,C1/P14
南酸枣,56,1,C1,P14,C1/P14
南酸枣,56,1,C1,P14,C1/P14
拟赤杨,27,1,C1,P14,C1/P14
拟赤杨,56,1,C1,P14,C1/P14
拟赤杨,56,1,C1,P14,C1/P14
拟赤杨,56,1,C1,P14,C1/P14
披针叶茴香,56,1,C1,P14,C1/P14
披针叶茴香,56,1,C1,P14,C1/P14
披针叶茴香,56,1,C1,P14,C1/P14
披针叶茴香,56,1,C1,P14,C1/P14
山矾,56,1,C1,P14,C1/P14
山矾,56,1,C1,P14,C1/P14
山矾,56,1,C1,P14,C1/P14
山矾,56,1,C1,P14,C1/P14
山矾,56,1,C1,P14,C1/P14
山胡椒,56,1,C1,P14,C1/P14
山胡椒,56,1,C1,P14,C1/P14
山胡椒,56,1,C1,P14,C1/P14
山胡椒,56,1,C1,P14,C1/P14
石斑木,56,1,C1,P14,C1/P14
石斑木,56,1,C1,P14,C1/P14
石斑木,56,1,C1,P14,C1/P14
薯豆,56,1,C1,P14,C1/P14
薯豆,56,1,C1,P14,C1/P14
甜槠,28,1,C1,P14,C1/P14
甜槠,33,1,C1,P14,C1/P14
甜槠,56,1,C1,P14,C1/P14
甜槠,30,1,C1,P14,C1/P14
甜槠,56,1,C1,P14,C1/P14
乌冈栎,56,1,C1,P14,C1/P14
乌冈栎,56,1,C1,P14,C1/P14
乌冈栎,56,1,C1,P14,C1/P14
乌冈栎,56,1,C1,P14,C1/P14
乌冈栎,56,1,C1,P14,C1/P14
小果石笔木,56,1,C1,P14,C1/P14
小果石笔木,56,1,C1,P14,C1/P14
小果石笔木,56,1,C1,P14,C1/P14
小果石笔木,56,1,C1,P14,C1/P14
宜昌荚o,56,1,C1,P14,C1/P14
宜昌荚o,56,1,C1,P14,C1/P14
宜昌荚o,56,1,C1,P14,C1/P14
映山红,56,1,C1,P14,C1/P14
郁香野茉莉,56,1,C1,P14,C1/P14
郁香野茉莉,56,1,C1,P14,C1/P14
浙江柿,11,1,C1,P14,C1/P14
浙江柿,56,1,C1,P14,C1/P14
浙闽樱,56,1,C1,P14,C1/P14
浙闽樱,21,1,C1,P14,C1/P14
紫果槭,56,1,C1,P14,C1/P14
紫果槭,56,1,C1,P14,C1/P14
紫果槭,56,1,C1,P14,C1/P14
紫果槭,56,1,C1,P14,C1/P14
紫果槭,56,1,C1,P14,C1/P14
垂珠花,15,2,C2,P10,C2/P10
垂珠花,15,2,C2,P10,C2/P10
短柄,15,2,C2,P10,C2/P10
短柄,15,2,C2,P10,C2/P10
短柄,19,2,C2,P10,C2/P10
短柄,15,2,C2,P10,C2/P10
光叶石楠,15,2,C2,P10,C2/P10
光叶石楠,15,2,C2,P10,C2/P10
光叶石楠,15,2,C2,P10,C2/P10
光叶石楠,15,2,C2,P10,C2/P10
光叶石楠,15,2,C2,P10,C2/P10
红淡比,15,2,C2,P10,C2/P10
红淡比,19,2,C2,P10,C2/P10
红淡比,17,2,C2,P10,C2/P10
红淡比,21,2,C2,P10,C2/P10
黄瑞木,17,2,C2,P10,C2/P10
黄瑞木,15,2,C2,P10,C2/P10
黄瑞木,15,2,C2,P10,C2/P10
灰白蜡瓣花,33,2,C2,P10,C2/P10
灰白蜡瓣花,24,2,C2,P10,C2/P10
灰白蜡瓣花,24,2,C2,P10,C2/P10
木,15,2,C2,P10,C2/P10
木,19,2,C2,P10,C2/P10
木,21,2,C2,P10,C2/P10
木,17,2,C2,P10,C2/P10
木,17,2,C2,P10,C2/P10
矩叶卫矛,11,2,C2,P10,C2/P10
矩叶卫矛,8,2,C2,P10,C2/P10
矩叶卫矛,8,2,C2,P10,C2/P10
矩叶卫矛,4,2,C2,P10,C2/P10
雷公鹅耳枥,24,2,C2,P10,C2/P10
雷公鹅耳枥,26,2,C2,P10,C2/P10
雷公鹅耳枥,26,2,C2,P10,C2/P10
雷公鹅耳枥,28,2,C2,P10,C2/P10
马银花,19,2,C2,P10,C2/P10
马银花,21,2,C2,P10,C2/P10
马银花,28,2,C2,P10,C2/P10
马银花,19,2,C2,P10,C2/P10
马银花,11,2,C2,P10,C2/P10
马银花,19,2,C2,P10,C2/P10
满山红,21,2,C2,P10,C2/P10
满山红,21,2,C2,P10,C2/P10
毛八角枫,15,2,C2,P10,C2/P10
毛花连蕊茶,11,2,C2,P10,C2/P10
毛花连蕊茶,15,2,C2,P10,C2/P10
毛花连蕊茶,24,2,C2,P10,C2/P10
毛花连蕊茶,33,2,C2,P10,C2/P10
毛花连蕊茶,26,2,C2,P10,C2/P10
美丽马醉木,17,2,C2,P10,C2/P10
美丽马醉木,15,2,C2,P10,C2/P10
美丽马醉木,19,2,C2,P10,C2/P10
美丽马醉木,15,2,C2,P10,C2/P10
美丽马醉木,11,2,C2,P10,C2/P10
南酸枣,15,2,C2,P10,C2/P10
拟赤杨,15,2,C2,P10,C2/P10
拟赤杨,21,2,C2,P10,C2/P10
拟赤杨,21,2,C2,P10,C2/P10
披针叶茴香,24,2,C2,P10,C2/P10
披针叶茴香,17,2,C2,P10,C2/P10
披针叶茴香,15,2,C2,P10,C2/P10
披针叶茴香,17,2,C2,P10,C2/P10
披针叶茴香,15,2,C2,P10,C2/P10
山矾,15,2,C2,P10,C2/P10
山矾,15,2,C2,P10,C2/P10
山胡椒,43,2,C2,P10,C2/P10
山胡椒,15,2,C2,P10,C2/P10
石斑木,15,2,C2,P10,C2/P10
石斑木,15,2,C2,P10,C2/P10
石斑木,11,2,C2,P10,C2/P10
薯豆,15,2,C2,P10,C2/P10
薯豆,28,2,C2,P10,C2/P10
薯豆,15,2,C2,P10,C2/P10
薯豆,43,2,C2,P10,C2/P10
薯豆,19,2,C2,P10,C2/P10
乌冈栎,15,2,C2,P10,C2/P10
乌冈栎,15,2,C2,P10,C2/P10
乌冈栎,15,2,C2,P10,C2/P10
乌冈栎,15,2,C2,P10,C2/P10
小果石笔木,17,2,C2,P10,C2/P10
小果石笔木,24,2,C2,P10,C2/P10
小叶石楠,19,2,C2,P10,C2/P10
小叶石楠,19,2,C2,P10,C2/P10
小叶石楠,17,2,C2,P10,C2/P10
小叶石楠,11,2,C2,P10,C2/P10
小叶石楠,11,2,C2,P10,C2/P10
小叶石楠,17,2,C2,P10,C2/P10
宜昌荚o,11,2,C2,P10,C2/P10
宜昌荚o,15,2,C2,P10,C2/P10
宜昌荚o,11,2,C2,P10,C2/P10
宜昌荚o,15,2,C2,P10,C2/P10
宜昌荚o,11,2,C2,P10,C2/P10
映山红,17,2,C2,P10,C2/P10
映山红,24,2,C2,P10,C2/P10
映山红,21,2,C2,P10,C2/P10
映山红,37,2,C2,P10,C2/P10
郁香野茉莉,15,2,C2,P10,C2/P10
郁香野茉莉,21,2,C2,P10,C2/P10
郁香野茉莉,15,2,C2,P10,C2/P10
郁香野茉莉,24,2,C2,P10,C2/P10
浙江柿,19,2,C2,P10,C2/P10
浙江柿,21,2,C2,P10,C2/P10
浙江柿,21,2,C2,P10,C2/P10
浙江柿,19,2,C2,P10,C2/P10
浙江柿,28,2,C2,P10,C2/P10
浙江柿,19,2,C2,P10,C2/P10
浙闽樱,15,2,C2,P10,C2/P10
浙闽樱,17,2,C2,P10,C2/P10
浙闽樱,11,2,C2,P10,C2/P10
紫果槭,26,2,C2,P10,C2/P10
紫果槭,19,2,C2,P10,C2/P10
紫果槭,26,2,C2,P10,C2/P10
垂珠花,55,1,C2,P10,C2/P10
垂珠花,55,1,C2,P10,C2/P10
垂珠花,55,1,C2,P10,C2/P10
垂珠花,55,1,C2,P10,C2/P10
短柄,21,1,C2,P10,C2/P10
短柄,55,1,C2,P10,C2/P10
枫香,55,1,C2,P10,C2/P10
枫香,55,1,C2,P10,C2/P10
枫香,55,1,C2,P10,C2/P10
枫香,55,1,C2,P10,C2/P10
枫香,55,1,C2,P10,C2/P10
枫香,55,1,C2,P10,C2/P10
光叶石楠,55,1,C2,P10,C2/P10
红淡比,55,1,C2,P10,C2/P10
红淡比,55,1,C2,P10,C2/P10
红枝柴,55,1,C2,P10,C2/P10
红枝柴,55,1,C2,P10,C2/P10
红枝柴,55,1,C2,P10,C2/P10
红枝柴,55,1,C2,P10,C2/P10
红枝柴,55,1,C2,P10,C2/P10
红枝柴,55,1,C2,P10,C2/P10
黄瑞木,55,1,C2,P10,C2/P10
黄瑞木,55,1,C2,P10,C2/P10
黄瑞木,55,1,C2,P10,C2/P10
灰白蜡瓣花,55,1,C2,P10,C2/P10
灰白蜡瓣花,55,1,C2,P10,C2/P10
灰白蜡瓣花,55,1,C2,P10,C2/P10
木,55,1,C2,P10,C2/P10
矩叶卫矛,55,1,C2,P10,C2/P10
矩叶卫矛,55,1,C2,P10,C2/P10
雷公鹅耳枥,55,1,C2,P10,C2/P10
雷公鹅耳枥,55,1,C2,P10,C2/P10
满山红,55,1,C2,P10,C2/P10
满山红,43,1,C2,P10,C2/P10
满山红,33,1,C2,P10,C2/P10
满山红,55,1,C2,P10,C2/P10
毛八角枫,55,1,C2,P10,C2/P10
毛八角枫,55,1,C2,P10,C2/P10
毛八角枫,55,1,C2,P10,C2/P10
毛八角枫,55,1,C2,P10,C2/P10
毛八角枫,55,1,C2,P10,C2/P10
毛花连蕊茶,55,1,C2,P10,C2/P10
美丽马醉木,55,1,C2,P10,C2/P10
南酸枣,28,1,C2,P10,C2/P10
南酸枣,55,1,C2,P10,C2/P10
南酸枣,40,1,C2,P10,C2/P10
南酸枣,55,1,C2,P10,C2/P10
南酸枣,55,1,C2,P10,C2/P10
拟赤杨,32,1,C2,P10,C2/P10
拟赤杨,55,1,C2,P10,C2/P10
拟赤杨,55,1,C2,P10,C2/P10
拟赤杨,43,1,C2,P10,C2/P10
拟赤杨,55,1,C2,P10,C2/P10
披针叶茴香,55,1,C2,P10,C2/P10
山矾,55,1,C2,P10,C2/P10
山矾,55,1,C2,P10,C2/P10
山矾,55,1,C2,P10,C2/P10
山矾,55,1,C2,P10,C2/P10
山胡椒,55,1,C2,P10,C2/P10
山胡椒,55,1,C2,P10,C2/P10
山胡椒,55,1,C2,P10,C2/P10
山胡椒,55,1,C2,P10,C2/P10
石斑木,55,1,C2,P10,C2/P10
石斑木,21,1,C2,P10,C2/P10
石斑木,55,1,C2,P10,C2/P10
薯豆,43,1,C2,P10,C2/P10
甜槠,55,1,C2,P10,C2/P10
甜槠,55,1,C2,P10,C2/P10
甜槠,55,1,C2,P10,C2/P10
甜槠,55,1,C2,P10,C2/P10
甜槠,55,1,C2,P10,C2/P10
甜槠,55,1,C2,P10,C2/P10
乌冈栎,21,1,C2,P10,C2/P10
乌冈栎,55,1,C2,P10,C2/P10
小果石笔木,55,1,C2,P10,C2/P10
小果石笔木,55,1,C2,P10,C2/P10
小果石笔木,55,1,C2,P10,C2/P10
小果石笔木,55,1,C2,P10,C2/P10
宜昌荚o,55,1,C2,P10,C2/P10
映山红,28,1,C2,P10,C2/P10
映山红,55,1,C2,P10,C2/P10
郁香野茉莉,55,1,C2,P10,C2/P10
郁香野茉莉,55,1,C2,P10,C2/P10
浙闽樱,21,1,C2,P10,C2/P10
浙闽樱,55,1,C2,P10,C2/P10
浙闽樱,55,1,C2,P10,C2/P10
紫果槭,37,1,C2,P10,C2/P10
紫果槭,21,1,C2,P10,C2/P10
紫果槭,55,1,C2,P10,C2/P10
垂珠花,11,2,C2,P12,C2/P12
垂珠花,15,2,C2,P12,C2/P12
垂珠花,28,2,C2,P12,C2/P12
垂珠花,24,2,C2,P12,C2/P12
短柄,15,2,C2,P12,C2/P12
短柄,15,2,C2,P12,C2/P12
短柄,19,2,C2,P12,C2/P12
枫香,15,2,C2,P12,C2/P12
光叶石楠,15,2,C2,P12,C2/P12
光叶石楠,15,2,C2,P12,C2/P12
光叶石楠,15,2,C2,P12,C2/P12
光叶石楠,15,2,C2,P12,C2/P12
光叶石楠,11,2,C2,P12,C2/P12
红淡比,17,2,C2,P12,C2/P12
红淡比,24,2,C2,P12,C2/P12
红淡比,15,2,C2,P12,C2/P12
红枝柴,37,2,C2,P12,C2/P12
红枝柴,40,2,C2,P12,C2/P12
红枝柴,26,2,C2,P12,C2/P12
红枝柴,33,2,C2,P12,C2/P12
黄瑞木,15,2,C2,P12,C2/P12
黄瑞木,15,2,C2,P12,C2/P12
黄瑞木,15,2,C2,P12,C2/P12
黄瑞木,2,2,C2,P12,C2/P12
黄瑞木,19,2,C2,P12,C2/P12
灰白蜡瓣花,24,2,C2,P12,C2/P12
灰白蜡瓣花,24,2,C2,P12,C2/P12
灰白蜡瓣花,30,2,C2,P12,C2/P12
灰白蜡瓣花,30,2,C2,P12,C2/P12
木,15,2,C2,P12,C2/P12
木,15,2,C2,P12,C2/P12
木,21,2,C2,P12,C2/P12
木,15,2,C2,P12,C2/P12
木,24,2,C2,P12,C2/P12
矩叶卫矛,11,2,C2,P12,C2/P12
矩叶卫矛,2,2,C2,P12,C2/P12
矩叶卫矛,11,2,C2,P12,C2/P12
矩叶卫矛,2,2,C2,P12,C2/P12
矩叶卫矛,4,2,C2,P12,C2/P12
雷公鹅耳枥,26,2,C2,P12,C2/P12
雷公鹅耳枥,26,2,C2,P12,C2/P12
雷公鹅耳枥,28,2,C2,P12,C2/P12
雷公鹅耳枥,24,2,C2,P12,C2/P12
马银花,24,2,C2,P12,C2/P12
马银花,24,2,C2,P12,C2/P12
马银花,15,2,C2,P12,C2/P12
马银花,15,2,C2,P12,C2/P12
满山红,24,2,C2,P12,C2/P12
满山红,24,2,C2,P12,C2/P12
毛八角枫,26,2,C2,P12,C2/P12
毛花连蕊茶,15,2,C2,P12,C2/P12
毛花连蕊茶,24,2,C2,P12,C2/P12
毛花连蕊茶,24,2,C2,P12,C2/P12
毛花连蕊茶,40,2,C2,P12,C2/P12
美丽马醉木,11,2,C2,P12,C2/P12
美丽马醉木,17,2,C2,P12,C2/P12
美丽马醉木,11,2,C2,P12,C2/P12
美丽马醉木,15,2,C2,P12,C2/P12
南酸枣,17,2,C2,P12,C2/P12
南酸枣,15,2,C2,P12,C2/P12
拟赤杨,15,2,C2,P12,C2/P12
拟赤杨,15,2,C2,P12,C2/P12
拟赤杨,15,2,C2,P12,C2/P12
拟赤杨,15,2,C2,P12,C2/P12
披针叶茴香,19,2,C2,P12,C2/P12
披针叶茴香,19,2,C2,P12,C2/P12
披针叶茴香,21,2,C2,P12,C2/P12
披针叶茴香,19,2,C2,P12,C2/P12
披针叶茴香,15,2,C2,P12,C2/P12
披针叶茴香,19,2,C2,P12,C2/P12
山矾,17,2,C2,P12,C2/P12
山矾,40,2,C2,P12,C2/P12
山胡椒,35,2,C2,P12,C2/P12
石斑木,21,2,C2,P12,C2/P12
石斑木,15,2,C2,P12,C2/P12
石斑木,19,2,C2,P12,C2/P12
石斑木,15,2,C2,P12,C2/P12
薯豆,24,2,C2,P12,C2/P12
薯豆,33,2,C2,P12,C2/P12
薯豆,17,2,C2,P12,C2/P12
薯豆,45,2,C2,P12,C2/P12
薯豆,17,2,C2,P12,C2/P12
乌冈栎,15,2,C2,P12,C2/P12
乌冈栎,21,2,C2,P12,C2/P12
小果石笔木,21,2,C2,P12,C2/P12
小果石笔木,19,2,C2,P12,C2/P12
小果石笔木,21,2,C2,P12,C2/P12
小果石笔木,24,2,C2,P12,C2/P12
小叶石楠,15,2,C2,P12,C2/P12
小叶石楠,11,2,C2,P12,C2/P12
小叶石楠,15,2,C2,P12,C2/P12
小叶石楠,15,2,C2,P12,C2/P12
小叶石楠,17,2,C2,P12,C2/P12
宜昌荚o,11,2,C2,P12,C2/P12
宜昌荚o,11,2,C2,P12,C2/P12
宜昌荚o,11,2,C2,P12,C2/P12
宜昌荚o,15,2,C2,P12,C2/P12
宜昌荚o,11,2,C2,P12,C2/P12
映山红,24,2,C2,P12,C2/P12
映山红,21,2,C2,P12,C2/P12
映山红,15,2,C2,P12,C2/P12
映山红,21,2,C2,P12,C2/P12
映山红,21,2,C2,P12,C2/P12
郁香野茉莉,28,2,C2,P12,C2/P12
郁香野茉莉,40,2,C2,P12,C2/P12
郁香野茉莉,17,2,C2,P12,C2/P12
浙江柿,19,2,C2,P12,C2/P12
浙江柿,15,2,C2,P12,C2/P12
浙江柿,15,2,C2,P12,C2/P12
浙江柿,15,2,C2,P12,C2/P12
浙江柿,21,2,C2,P12,C2/P12
浙江柿,15,2,C2,P12,C2/P12
浙闽樱,15,2,C2,P12,C2/P12
紫果槭,55,2,C2,P12,C2/P12
紫果槭,24,2,C2,P12,C2/P12
紫果槭,15,2,C2,P12,C2/P12
紫果槭,19,2,C2,P12,C2/P12
垂珠花,55,1,C2,P12,C2/P12
垂珠花,55,1,C2,P12,C2/P12
短柄,26,1,C2,P12,C2/P12
短柄,55,1,C2,P12,C2/P12
短柄,21,1,C2,P12,C2/P12
枫香,26,1,C2,P12,C2/P12
枫香,26,1,C2,P12,C2/P12
枫香,55,1,C2,P12,C2/P12
枫香,55,1,C2,P12,C2/P12
枫香,55,1,C2,P12,C2/P12
光叶石楠,55,1,C2,P12,C2/P12
红淡比,55,1,C2,P12,C2/P12
红淡比,55,1,C2,P12,C2/P12
红淡比,55,1,C2,P12,C2/P12
红枝柴,55,1,C2,P12,C2/P12
红枝柴,55,1,C2,P12,C2/P12
黄瑞木,55,1,C2,P12,C2/P12
灰白蜡瓣花,55,1,C2,P12,C2/P12
灰白蜡瓣花,40,1,C2,P12,C2/P12
木,55,1,C2,P12,C2/P12
矩叶卫矛,30,1,C2,P12,C2/P12
雷公鹅耳枥,33,1,C2,P12,C2/P12
雷公鹅耳枥,55,1,C2,P12,C2/P12
马银花,55,1,C2,P12,C2/P12
马银花,33,1,C2,P12,C2/P12
满山红,35,1,C2,P12,C2/P12
满山红,55,1,C2,P12,C2/P12
满山红,55,1,C2,P12,C2/P12
满山红,55,1,C2,P12,C2/P12
毛八角枫,55,1,C2,P12,C2/P12
毛八角枫,55,1,C2,P12,C2/P12
毛八角枫,55,1,C2,P12,C2/P12
毛八角枫,55,1,C2,P12,C2/P12
毛八角枫,55,1,C2,P12,C2/P12
毛花连蕊茶,55,1,C2,P12,C2/P12
毛花连蕊茶,37,1,C2,P12,C2/P12
美丽马醉木,55,1,C2,P12,C2/P12
美丽马醉木,55,1,C2,P12,C2/P12
南酸枣,30,1,C2,P12,C2/P12
南酸枣,33,1,C2,P12,C2/P12
南酸枣,55,1,C2,P12,C2/P12
南酸枣,55,1,C2,P12,C2/P12
拟赤杨,55,1,C2,P12,C2/P12
拟赤杨,33,1,C2,P12,C2/P12
披针叶茴香,55,1,C2,P12,C2/P12
披针叶茴香,55,1,C2,P12,C2/P12
山矾,55,1,C2,P12,C2/P12
山矾,29,1,C2,P12,C2/P12
山矾,30,1,C2,P12,C2/P12
山矾,33,1,C2,P12,C2/P12
山胡椒,28,1,C2,P12,C2/P12
山胡椒,45,1,C2,P12,C2/P12
山胡椒,55,1,C2,P12,C2/P12
山胡椒,55,1,C2,P12,C2/P12
山胡椒,55,1,C2,P12,C2/P12
石斑木,55,1,C2,P12,C2/P12
石斑木,55,1,C2,P12,C2/P12
薯豆,33,1,C2,P12,C2/P12
甜槠,30,1,C2,P12,C2/P12
甜槠,26,1,C2,P12,C2/P12
甜槠,33,1,C2,P12,C2/P12
甜槠,55,1,C2,P12,C2/P12
甜槠,45,1,C2,P12,C2/P12
甜槠,55,1,C2,P12,C2/P12
乌冈栎,55,1,C2,P12,C2/P12
乌冈栎,43,1,C2,P12,C2/P12
乌冈栎,33,1,C2,P12,C2/P12
乌冈栎,37,1,C2,P12,C2/P12
小果石笔木,55,1,C2,P12,C2/P12
小果石笔木,45,1,C2,P12,C2/P12
小果石笔木,45,1,C2,P12,C2/P12
宜昌荚o,55,1,C2,P12,C2/P12
映山红,35,1,C2,P12,C2/P12
郁香野茉莉,55,1,C2,P12,C2/P12
郁香野茉莉,45,1,C2,P12,C2/P12
郁香野茉莉,55,1,C2,P12,C2/P12
浙闽樱,17,1,C2,P12,C2/P12
浙闽樱,17,1,C2,P12,C2/P12
浙闽樱,55,1,C2,P12,C2/P12
浙闽樱,17,1,C2,P12,C2/P12
浙闽樱,8,1,C2,P12,C2/P12
紫果槭,55,1,C2,P12,C2/P12
紫果槭,55,1,C2,P12,C2/P12
垂珠花,26,2,C2,P14,C2/P14
垂珠花,15,2,C2,P14,C2/P14
垂珠花,15,2,C2,P14,C2/P14
垂珠花,17,2,C2,P14,C2/P14
垂珠花,17,2,C2,P14,C2/P14
短柄,17,2,C2,P14,C2/P14
短柄,19,2,C2,P14,C2/P14
短柄,19,2,C2,P14,C2/P14
短柄,17,2,C2,P14,C2/P14
短柄,17,2,C2,P14,C2/P14
光叶石楠,26,2,C2,P14,C2/P14
光叶石楠,26,2,C2,P14,C2/P14
光叶石楠,30,2,C2,P14,C2/P14
光叶石楠,15,2,C2,P14,C2/P14
光叶石楠,21,2,C2,P14,C2/P14
光叶石楠,28,2,C2,P14,C2/P14
红淡比,15,2,C2,P14,C2/P14
红淡比,24,2,C2,P14,C2/P14
红淡比,19,2,C2,P14,C2/P14
红淡比,26,2,C2,P14,C2/P14
红淡比,15,2,C2,P14,C2/P14
红枝柴,28,2,C2,P14,C2/P14
红枝柴,24,2,C2,P14,C2/P14
红枝柴,26,2,C2,P14,C2/P14
红枝柴,49,2,C2,P14,C2/P14
黄瑞木,15,2,C2,P14,C2/P14
黄瑞木,15,2,C2,P14,C2/P14
黄瑞木,15,2,C2,P14,C2/P14
黄瑞木,15,2,C2,P14,C2/P14
黄瑞木,11,2,C2,P14,C2/P14
灰白蜡瓣花,28,2,C2,P14,C2/P14
灰白蜡瓣花,24,2,C2,P14,C2/P14
灰白蜡瓣花,21,2,C2,P14,C2/P14
灰白蜡瓣花,17,2,C2,P14,C2/P14
灰白蜡瓣花,33,2,C2,P14,C2/P14
木,19,2,C2,P14,C2/P14
木,17,2,C2,P14,C2/P14
木,15,2,C2,P14,C2/P14
木,19,2,C2,P14,C2/P14
矩叶卫矛,11,2,C2,P14,C2/P14
矩叶卫矛,11,2,C2,P14,C2/P14
矩叶卫矛,4,2,C2,P14,C2/P14
矩叶卫矛,11,2,C2,P14,C2/P14
雷公鹅耳枥,19,2,C2,P14,C2/P14
马银花,17,2,C2,P14,C2/P14
马银花,17,2,C2,P14,C2/P14
马银花,26,2,C2,P14,C2/P14
马银花,17,2,C2,P14,C2/P14
马银花,21,2,C2,P14,C2/P14
满山红,26,2,C2,P14,C2/P14
满山红,26,2,C2,P14,C2/P14
满山红,19,2,C2,P14,C2/P14
毛八角枫,15,2,C2,P14,C2/P14
毛八角枫,15,2,C2,P14,C2/P14
毛花连蕊茶,15,2,C2,P14,C2/P14
毛花连蕊茶,26,2,C2,P14,C2/P14
毛花连蕊茶,28,2,C2,P14,C2/P14
美丽马醉木,19,2,C2,P14,C2/P14
美丽马醉木,17,2,C2,P14,C2/P14
美丽马醉木,11,2,C2,P14,C2/P14
美丽马醉木,17,2,C2,P14,C2/P14
美丽马醉木,11,2,C2,P14,C2/P14
美丽马醉木,15,2,C2,P14,C2/P14
南酸枣,19,2,C2,P14,C2/P14
南酸枣,26,2,C2,P14,C2/P14
南酸枣,17,2,C2,P14,C2/P14
南酸枣,17,2,C2,P14,C2/P14
南酸枣,15,2,C2,P14,C2/P14
拟赤杨,15,2,C2,P14,C2/P14
拟赤杨,11,2,C2,P14,C2/P14
拟赤杨,17,2,C2,P14,C2/P14
拟赤杨,15,2,C2,P14,C2/P14
披针叶茴香,19,2,C2,P14,C2/P14
披针叶茴香,19,2,C2,P14,C2/P14
披针叶茴香,19,2,C2,P14,C2/P14
披针叶茴香,30,2,C2,P14,C2/P14
山矾,15,2,C2,P14,C2/P14
山矾,17,2,C2,P14,C2/P14
山矾,15,2,C2,P14,C2/P14
山胡椒,43,2,C2,P14,C2/P14
山胡椒,21,2,C2,P14,C2/P14
石斑木,15,2,C2,P14,C2/P14
石斑木,15,2,C2,P14,C2/P14
石斑木,19,2,C2,P14,C2/P14
石斑木,15,2,C2,P14,C2/P14
石斑木,15,2,C2,P14,C2/P14
石斑木,33,2,C2,P14,C2/P14
薯豆,15,2,C2,P14,C2/P14
薯豆,24,2,C2,P14,C2/P14
薯豆,24,2,C2,P14,C2/P14
薯豆,28,2,C2,P14,C2/P14
薯豆,17,2,C2,P14,C2/P14
甜槠,24,2,C2,P14,C2/P14
乌冈栎,17,2,C2,P14,C2/P14
乌冈栎,15,2,C2,P14,C2/P14
乌冈栎,17,2,C2,P14,C2/P14
乌冈栎,15,2,C2,P14,C2/P14
乌冈栎,19,2,C2,P14,C2/P14
小果石笔木,45,2,C2,P14,C2/P14
小果石笔木,24,2,C2,P14,C2/P14
小果石笔木,15,2,C2,P14,C2/P14
小果石笔木,21,2,C2,P14,C2/P14
小叶石楠,21,2,C2,P14,C2/P14
小叶石楠,15,2,C2,P14,C2/P14
小叶石楠,11,2,C2,P14,C2/P14
小叶石楠,15,2,C2,P14,C2/P14
小叶石楠,21,2,C2,P14,C2/P14
小叶石楠,15,2,C2,P14,C2/P14
宜昌荚o,11,2,C2,P14,C2/P14
宜昌荚o,11,2,C2,P14,C2/P14
宜昌荚o,11,2,C2,P14,C2/P14
宜昌荚o,11,2,C2,P14,C2/P14
宜昌荚o,11,2,C2,P14,C2/P14
宜昌荚o,11,2,C2,P14,C2/P14
映山红,24,2,C2,P14,C2/P14
映山红,15,2,C2,P14,C2/P14
映山红,28,2,C2,P14,C2/P14
映山红,26,2,C2,P14,C2/P14
映山红,24,2,C2,P14,C2/P14
映山红,15,2,C2,P14,C2/P14
郁香野茉莉,15,2,C2,P14,C2/P14
郁香野茉莉,17,2,C2,P14,C2/P14
郁香野茉莉,21,2,C2,P14,C2/P14
郁香野茉莉,26,2,C2,P14,C2/P14
郁香野茉莉,15,2,C2,P14,C2/P14
浙江柿,21,2,C2,P14,C2/P14
浙江柿,21,2,C2,P14,C2/P14
浙江柿,21,2,C2,P14,C2/P14
浙江柿,19,2,C2,P14,C2/P14
浙江柿,21,2,C2,P14,C2/P14
浙闽樱,15,2,C2,P14,C2/P14
浙闽樱,17,2,C2,P14,C2/P14
浙闽樱,17,2,C2,P14,C2/P14
紫果槭,21,2,C2,P14,C2/P14
紫果槭,21,2,C2,P14,C2/P14
紫果槭,26,2,C2,P14,C2/P14
紫果槭,15,2,C2,P14,C2/P14
紫果槭,11,2,C2,P14,C2/P14
紫果槭,19,2,C2,P14,C2/P14
垂珠花,55,1,C2,P14,C2/P14
短柄,33,1,C2,P14,C2/P14
枫香,55,1,C2,P14,C2/P14
枫香,55,1,C2,P14,C2/P14
枫香,33,1,C2,P14,C2/P14
枫香,55,1,C2,P14,C2/P14
枫香,55,1,C2,P14,C2/P14
枫香,33,1,C2,P14,C2/P14
红淡比,55,1,C2,P14,C2/P14
红枝柴,55,1,C2,P14,C2/P14
红枝柴,55,1,C2,P14,C2/P14
黄瑞木,33,1,C2,P14,C2/P14
灰白蜡瓣花,33,1,C2,P14,C2/P14
木,55,1,C2,P14,C2/P14
木,55,1,C2,P14,C2/P14
矩叶卫矛,17,1,C2,P14,C2/P14
矩叶卫矛,33,1,C2,P14,C2/P14
雷公鹅耳枥,55,1,C2,P14,C2/P14
雷公鹅耳枥,55,1,C2,P14,C2/P14
雷公鹅耳枥,33,1,C2,P14,C2/P14
雷公鹅耳枥,55,1,C2,P14,C2/P14
雷公鹅耳枥,55,1,C2,P14,C2/P14
马银花,55,1,C2,P14,C2/P14
满山红,33,1,C2,P14,C2/P14
满山红,33,1,C2,P14,C2/P14
满山红,33,1,C2,P14,C2/P14
毛八角枫,55,1,C2,P14,C2/P14
毛八角枫,33,1,C2,P14,C2/P14
毛八角枫,55,1,C2,P14,C2/P14
毛八角枫,55,1,C2,P14,C2/P14
毛花连蕊茶,55,1,C2,P14,C2/P14
毛花连蕊茶,55,1,C2,P14,C2/P14
毛花连蕊茶,55,1,C2,P14,C2/P14
南酸枣,55,1,C2,P14,C2/P14
山矾,55,1,C2,P14,C2/P14
山矾,55,1,C2,P14,C2/P14
山矾,55,1,C2,P14,C2/P14
山胡椒,33,1,C2,P14,C2/P14
山胡椒,55,1,C2,P14,C2/P14
山胡椒,55,1,C2,P14,C2/P14
山胡椒,55,1,C2,P14,C2/P14
薯豆,55,1,C2,P14,C2/P14
甜槠,55,1,C2,P14,C2/P14
甜槠,55,1,C2,P14,C2/P14
甜槠,55,1,C2,P14,C2/P14
甜槠,55,1,C2,P14,C2/P14
甜槠,55,1,C2,P14,C2/P14
乌冈栎,33,1,C2,P14,C2/P14
小果石笔木,26,1,C2,P14,C2/P14
郁香野茉莉,55,1,C2,P14,C2/P14
浙江柿,55,1,C2,P14,C2/P14
浙闽樱,55,1,C2,P14,C2/P14
浙闽樱,55,1,C2,P14,C2/P14
浙闽樱,19,1,C2,P14,C2/P14
垂珠花,21,2,C3,P10,C3/P10
垂珠花,6,2,C3,P10,C3/P10
垂珠花,11,2,C3,P10,C3/P10
垂珠花,18,2,C3,P10,C3/P10
垂珠花,18,2,C3,P10,C3/P10
垂珠花,13,2,C3,P10,C3/P10
短柄,13,2,C3,P10,C3/P10
短柄,18,2,C3,P10,C3/P10
短柄,13,2,C3,P10,C3/P10
短柄,13,2,C3,P10,C3/P10
枫香,23,2,C3,P10,C3/P10
枫香,11,2,C3,P10,C3/P10
枫香,13,2,C3,P10,C3/P10
枫香,27,2,C3,P10,C3/P10
光叶石楠,11,2,C3,P10,C3/P10
光叶石楠,8,2,C3,P10,C3/P10
光叶石楠,11,2,C3,P10,C3/P10
光叶石楠,11,2,C3,P10,C3/P10
光叶石楠,11,2,C3,P10,C3/P10
红淡比,32,2,C3,P10,C3/P10
红淡比,13,2,C3,P10,C3/P10
红淡比,25,2,C3,P10,C3/P10
红枝柴,21,2,C3,P10,C3/P10
红枝柴,18,2,C3,P10,C3/P10
黄瑞木,11,2,C3,P10,C3/P10
黄瑞木,21,2,C3,P10,C3/P10
黄瑞木,8,2,C3,P10,C3/P10
黄瑞木,13,2,C3,P10,C3/P10
灰白蜡瓣花,11,2,C3,P10,C3/P10
灰白蜡瓣花,21,2,C3,P10,C3/P10
灰白蜡瓣花,39,2,C3,P10,C3/P10
灰白蜡瓣花,23,2,C3,P10,C3/P10
木,13,2,C3,P10,C3/P10
木,15,2,C3,P10,C3/P10
木,15,2,C3,P10,C3/P10
木,15,2,C3,P10,C3/P10
木,11,2,C3,P10,C3/P10
木,18,2,C3,P10,C3/P10
矩叶卫矛,8,2,C3,P10,C3/P10
雷公鹅耳枥,18,2,C3,P10,C3/P10
雷公鹅耳枥,15,2,C3,P10,C3/P10
雷公鹅耳枥,21,2,C3,P10,C3/P10
雷公鹅耳枥,23,2,C3,P10,C3/P10
雷公鹅耳枥,23,2,C3,P10,C3/P10
马银花,15,2,C3,P10,C3/P10
马银花,21,2,C3,P10,C3/P10
马银花,15,2,C3,P10,C3/P10
马银花,18,2,C3,P10,C3/P10
马银花,15,2,C3,P10,C3/P10
马银花,21,2,C3,P10,C3/P10
满山红,13,2,C3,P10,C3/P10
满山红,21,2,C3,P10,C3/P10
满山红,13,2,C3,P10,C3/P10
满山红,13,2,C3,P10,C3/P10
毛八角枫,6,2,C3,P10,C3/P10
毛八角枫,13,2,C3,P10,C3/P10
毛八角枫,8,2,C3,P10,C3/P10
毛八角枫,11,2,C3,P10,C3/P10
毛花连蕊茶,2,2,C3,P10,C3/P10
毛花连蕊茶,21,2,C3,P10,C3/P10
毛花连蕊茶,25,2,C3,P10,C3/P10
美丽马醉木,15,2,C3,P10,C3/P10
美丽马醉木,8,2,C3,P10,C3/P10
美丽马醉木,8,2,C3,P10,C3/P10
美丽马醉木,15,2,C3,P10,C3/P10
美丽马醉木,15,2,C3,P10,C3/P10
美丽马醉木,18,2,C3,P10,C3/P10
南酸枣,11,2,C3,P10,C3/P10
南酸枣,18,2,C3,P10,C3/P10
南酸枣,13,2,C3,P10,C3/P10
拟赤杨,15,2,C3,P10,C3/P10
拟赤杨,6,2,C3,P10,C3/P10
拟赤杨,6,2,C3,P10,C3/P10
披针叶茴香,25,2,C3,P10,C3/P10
披针叶茴香,2,2,C3,P10,C3/P10
披针叶茴香,21,2,C3,P10,C3/P10
披针叶茴香,21,2,C3,P10,C3/P10
披针叶茴香,13,2,C3,P10,C3/P10
山矾,11,2,C3,P10,C3/P10
山矾,11,2,C3,P10,C3/P10
山矾,11,2,C3,P10,C3/P10
山胡椒,13,2,C3,P10,C3/P10
石斑木,18,2,C3,P10,C3/P10
石斑木,18,2,C3,P10,C3/P10
石斑木,43,2,C3,P10,C3/P10
薯豆,13,2,C3,P10,C3/P10
薯豆,34,2,C3,P10,C3/P10
薯豆,15,2,C3,P10,C3/P10
薯豆,36,2,C3,P10,C3/P10
薯豆,18,2,C3,P10,C3/P10
甜槠,25,2,C3,P10,C3/P10
甜槠,13,2,C3,P10,C3/P10
乌冈栎,21,2,C3,P10,C3/P10
乌冈栎,53,2,C3,P10,C3/P10
小果石笔木,18,2,C3,P10,C3/P10
小果石笔木,15,2,C3,P10,C3/P10
小果石笔木,13,2,C3,P10,C3/P10
小果石笔木,43,2,C3,P10,C3/P10
小果石笔木,11,2,C3,P10,C3/P10
小叶石楠,15,2,C3,P10,C3/P10
小叶石楠,15,2,C3,P10,C3/P10
小叶石楠,11,2,C3,P10,C3/P10
小叶石楠,18,2,C3,P10,C3/P10
小叶石楠,13,2,C3,P10,C3/P10
宜昌荚o,6,2,C3,P10,C3/P10
宜昌荚o,4,2,C3,P10,C3/P10
宜昌荚o,4,2,C3,P10,C3/P10
宜昌荚o,8,2,C3,P10,C3/P10
宜昌荚o,6,2,C3,P10,C3/P10
宜昌荚o,4,2,C3,P10,C3/P10
映山红,18,2,C3,P10,C3/P10
映山红,18,2,C3,P10,C3/P10
映山红,15,2,C3,P10,C3/P10
映山红,13,2,C3,P10,C3/P10
映山红,18,2,C3,P10,C3/P10
郁香野茉莉,11,2,C3,P10,C3/P10
郁香野茉莉,11,2,C3,P10,C3/P10
郁香野茉莉,18,2,C3,P10,C3/P10
郁香野茉莉,11,2,C3,P10,C3/P10
浙江柿,8,2,C3,P10,C3/P10
浙江柿,11,2,C3,P10,C3/P10
浙江柿,11,2,C3,P10,C3/P10
浙江柿,15,2,C3,P10,C3/P10
浙江柿,13,2,C3,P10,C3/P10
浙江柿,13,2,C3,P10,C3/P10
浙闽樱,4,2,C3,P10,C3/P10
浙闽樱,8,2,C3,P10,C3/P10
浙闽樱,8,2,C3,P10,C3/P10
浙闽樱,8,2,C3,P10,C3/P10
浙闽樱,4,2,C3,P10,C3/P10
浙闽樱,6,2,C3,P10,C3/P10
紫果槭,6,2,C3,P10,C3/P10
紫果槭,6,2,C3,P10,C3/P10
紫果槭,11,2,C3,P10,C3/P10
紫果槭,13,2,C3,P10,C3/P10
紫果槭,11,2,C3,P10,C3/P10
短柄,21,1,C3,P10,C3/P10
短柄,18,1,C3,P10,C3/P10
枫香,13,1,C3,P10,C3/P10
枫香,57,1,C3,P10,C3/P10
光叶石楠,57,1,C3,P10,C3/P10
红淡比,57,1,C3,P10,C3/P10
红淡比,57,1,C3,P10,C3/P10
红淡比,57,1,C3,P10,C3/P10
红枝柴,57,1,C3,P10,C3/P10
红枝柴,57,1,C3,P10,C3/P10
红枝柴,57,1,C3,P10,C3/P10
红枝柴,57,1,C3,P10,C3/P10
黄瑞木,57,1,C3,P10,C3/P10
黄瑞木,57,1,C3,P10,C3/P10
灰白蜡瓣花,13,1,C3,P10,C3/P10
灰白蜡瓣花,57,1,C3,P10,C3/P10
矩叶卫矛,15,1,C3,P10,C3/P10
矩叶卫矛,11,1,C3,P10,C3/P10
矩叶卫矛,21,1,C3,P10,C3/P10
矩叶卫矛,32,1,C3,P10,C3/P10
矩叶卫矛,23,1,C3,P10,C3/P10
雷公鹅耳枥,15,1,C3,P10,C3/P10
满山红,57,1,C3,P10,C3/P10
满山红,23,1,C3,P10,C3/P10
毛八角枫,57,1,C3,P10,C3/P10
毛八角枫,11,1,C3,P10,C3/P10
毛花连蕊茶,57,1,C3,P10,C3/P10
毛花连蕊茶,57,1,C3,P10,C3/P10
毛花连蕊茶,46,1,C3,P10,C3/P10
南酸枣,27,1,C3,P10,C3/P10
南酸枣,57,1,C3,P10,C3/P10
南酸枣,57,1,C3,P10,C3/P10
拟赤杨,57,1,C3,P10,C3/P10
拟赤杨,57,1,C3,P10,C3/P10
拟赤杨,57,1,C3,P10,C3/P10
披针叶茴香,57,1,C3,P10,C3/P10
山矾,57,1,C3,P10,C3/P10
山矾,57,1,C3,P10,C3/P10
山矾,57,1,C3,P10,C3/P10
山胡椒,57,1,C3,P10,C3/P10
山胡椒,57,1,C3,P10,C3/P10
山胡椒,57,1,C3,P10,C3/P10
山胡椒,57,1,C3,P10,C3/P10
山胡椒,57,1,C3,P10,C3/P10
石斑木,57,1,C3,P10,C3/P10
石斑木,57,1,C3,P10,C3/P10
石斑木,57,1,C3,P10,C3/P10
薯豆,2,1,C3,P10,C3/P10
甜槠,23,1,C3,P10,C3/P10
甜槠,57,1,C3,P10,C3/P10
甜槠,57,1,C3,P10,C3/P10
甜槠,21,1,C3,P10,C3/P10
乌冈栎,21,1,C3,P10,C3/P10
乌冈栎,57,1,C3,P10,C3/P10
乌冈栎,57,1,C3,P10,C3/P10
乌冈栎,29,1,C3,P10,C3/P10
小果石笔木,57,1,C3,P10,C3/P10
小叶石楠,57,1,C3,P10,C3/P10
映山红,29,1,C3,P10,C3/P10
郁香野茉莉,23,1,C3,P10,C3/P10
郁香野茉莉,18,1,C3,P10,C3/P10
紫果槭,57,1,C3,P10,C3/P10
垂珠花,21,2,C3,P12,C3/P12
垂珠花,11,2,C3,P12,C3/P12
垂珠花,11,2,C3,P12,C3/P12
垂珠花,11,2,C3,P12,C3/P12
垂珠花,11,2,C3,P12,C3/P12
垂珠花,18,2,C3,P12,C3/P12
短柄,13,2,C3,P12,C3/P12
短柄,13,2,C3,P12,C3/P12
短柄,13,2,C3,P12,C3/P12
枫香,11,2,C3,P12,C3/P12
枫香,8,2,C3,P12,C3/P12
光叶石楠,12,2,C3,P12,C3/P12
光叶石楠,11,2,C3,P12,C3/P12
光叶石楠,15,2,C3,P12,C3/P12
光叶石楠,11,2,C3,P12,C3/P12
光叶石楠,11,2,C3,P12,C3/P12
红淡比,18,2,C3,P12,C3/P12
红淡比,21,2,C3,P12,C3/P12
红淡比,23,2,C3,P12,C3/P12
红淡比,23,2,C3,P12,C3/P12
红淡比,11,2,C3,P12,C3/P12
红枝柴,13,2,C3,P12,C3/P12
红枝柴,21,2,C3,P12,C3/P12
红枝柴,21,2,C3,P12,C3/P12
红枝柴,21,2,C3,P12,C3/P12
黄瑞木,25,2,C3,P12,C3/P12
黄瑞木,11,2,C3,P12,C3/P12
黄瑞木,21,2,C3,P12,C3/P12
黄瑞木,11,2,C3,P12,C3/P12
黄瑞木,15,2,C3,P12,C3/P12
灰白蜡瓣花,18,2,C3,P12,C3/P12
灰白蜡瓣花,21,2,C3,P12,C3/P12
灰白蜡瓣花,27,2,C3,P12,C3/P12
木,15,2,C3,P12,C3/P12
木,11,2,C3,P12,C3/P12
木,15,2,C3,P12,C3/P12
木,13,2,C3,P12,C3/P12
木,18,2,C3,P12,C3/P12
木,11,2,C3,P12,C3/P12
雷公鹅耳枥,25,2,C3,P12,C3/P12
雷公鹅耳枥,21,2,C3,P12,C3/P12
雷公鹅耳枥,13,2,C3,P12,C3/P12
雷公鹅耳枥,21,2,C3,P12,C3/P12
雷公鹅耳枥,23,2,C3,P12,C3/P12
雷公鹅耳枥,25,2,C3,P12,C3/P12
马银花,23,2,C3,P12,C3/P12
马银花,18,2,C3,P12,C3/P12
马银花,18,2,C3,P12,C3/P12
马银花,34,2,C3,P12,C3/P12
马银花,18,2,C3,P12,C3/P12
满山红,13,2,C3,P12,C3/P12
满山红,13,2,C3,P12,C3/P12
满山红,18,2,C3,P12,C3/P12
满山红,25,2,C3,P12,C3/P12
满山红,21,2,C3,P12,C3/P12
毛八角枫,8,2,C3,P12,C3/P12
毛八角枫,13,2,C3,P12,C3/P12
毛八角枫,11,2,C3,P12,C3/P12
毛八角枫,11,2,C3,P12,C3/P12
毛八角枫,8,2,C3,P12,C3/P12
毛八角枫,8,2,C3,P12,C3/P12
毛花连蕊茶,25,2,C3,P12,C3/P12
毛花连蕊茶,43,2,C3,P12,C3/P12
美丽马醉木,13,2,C3,P12,C3/P12
美丽马醉木,15,2,C3,P12,C3/P12
美丽马醉木,11,2,C3,P12,C3/P12
美丽马醉木,8,2,C3,P12,C3/P12
南酸枣,14,2,C3,P12,C3/P12
南酸枣,11,2,C3,P12,C3/P12
南酸枣,13,2,C3,P12,C3/P12
拟赤杨,6,2,C3,P12,C3/P12
拟赤杨,6,2,C3,P12,C3/P12
拟赤杨,6,2,C3,P12,C3/P12
拟赤杨,11,2,C3,P12,C3/P12
披针叶茴香,13,2,C3,P12,C3/P12
披针叶茴香,18,2,C3,P12,C3/P12
披针叶茴香,18,2,C3,P12,C3/P12
披针叶茴香,18,2,C3,P12,C3/P12
披针叶茴香,11,2,C3,P12,C3/P12
山矾,11,2,C3,P12,C3/P12
山矾,13,2,C3,P12,C3/P12
山矾,23,2,C3,P12,C3/P12
山矾,13,2,C3,P12,C3/P12
山胡椒,13,2,C3,P12,C3/P12
山胡椒,11,2,C3,P12,C3/P12
山胡椒,41,2,C3,P12,C3/P12
石斑木,25,2,C3,P12,C3/P12
石斑木,29,2,C3,P12,C3/P12
薯豆,18,2,C3,P12,C3/P12
薯豆,14,2,C3,P12,C3/P12
薯豆,29,2,C3,P12,C3/P12
薯豆,13,2,C3,P12,C3/P12
甜槠,23,2,C3,P12,C3/P12
甜槠,29,2,C3,P12,C3/P12
甜槠,15,2,C3,P12,C3/P12
甜槠,13,2,C3,P12,C3/P12
乌冈栎,18,2,C3,P12,C3/P12
乌冈栎,11,2,C3,P12,C3/P12
乌冈栎,25,2,C3,P12,C3/P12
乌冈栎,13,2,C3,P12,C3/P12
乌冈栎,39,2,C3,P12,C3/P12
小果石笔木,18,2,C3,P12,C3/P12
小果石笔木,11,2,C3,P12,C3/P12
小果石笔木,11,2,C3,P12,C3/P12
小果石笔木,13,2,C3,P12,C3/P12
小果石笔木,21,2,C3,P12,C3/P12
小叶石楠,13,2,C3,P12,C3/P12
小叶石楠,15,2,C3,P12,C3/P12
小叶石楠,13,2,C3,P12,C3/P12
小叶石楠,18,2,C3,P12,C3/P12
小叶石楠,15,2,C3,P12,C3/P12
小叶石楠,15,2,C3,P12,C3/P12
宜昌荚o,6,2,C3,P12,C3/P12
映山红,21,2,C3,P12,C3/P12
映山红,25,2,C3,P12,C3/P12
映山红,15,2,C3,P12,C3/P12
映山红,29,2,C3,P12,C3/P12
郁香野茉莉,11,2,C3,P12,C3/P12
郁香野茉莉,8,2,C3,P12,C3/P12
郁香野茉莉,11,2,C3,P12,C3/P12
郁香野茉莉,18,2,C3,P12,C3/P12
郁香野茉莉,8,2,C3,P12,C3/P12
郁香野茉莉,21,2,C3,P12,C3/P12
浙江柿,11,2,C3,P12,C3/P12
浙江柿,15,2,C3,P12,C3/P12
浙江柿,15,2,C3,P12,C3/P12
浙江柿,13,2,C3,P12,C3/P12
浙江柿,15,2,C3,P12,C3/P12
浙江柿,11,2,C3,P12,C3/P12
浙闽樱,4,2,C3,P12,C3/P12
浙闽樱,4,2,C3,P12,C3/P12
浙闽樱,6,2,C3,P12,C3/P12
浙闽樱,11,2,C3,P12,C3/P12
浙闽樱,6,2,C3,P12,C3/P12
浙闽樱,11,2,C3,P12,C3/P12
紫果槭,11,2,C3,P12,C3/P12
紫果槭,8,2,C3,P12,C3/P12
紫果槭,8,2,C3,P12,C3/P12
紫果槭,11,2,C3,P12,C3/P12
紫果槭,8,2,C3,P12,C3/P12
紫果槭,13,2,C3,P12,C3/P12
短柄,18,1,C3,P12,C3/P12
短柄,21,1,C3,P12,C3/P12
短柄,15,1,C3,P12,C3/P12
枫香,57,1,C3,P12,C3/P12
枫香,21,1,C3,P12,C3/P12
枫香,21,1,C3,P12,C3/P12
枫香,21,1,C3,P12,C3/P12
枫香,57,1,C3,P12,C3/P12
光叶石楠,57,1,C3,P12,C3/P12
红淡比,57,1,C3,P12,C3/P12
红枝柴,57,1,C3,P12,C3/P12
红枝柴,57,1,C3,P12,C3/P12
黄瑞木,23,1,C3,P12,C3/P12
灰白蜡瓣花,15,1,C3,P12,C3/P12
灰白蜡瓣花,29,1,C3,P12,C3/P12
灰白蜡瓣花,57,1,C3,P12,C3/P12
矩叶卫矛,18,1,C3,P12,C3/P12
矩叶卫矛,15,1,C3,P12,C3/P12
矩叶卫矛,15,1,C3,P12,C3/P12
矩叶卫矛,21,1,C3,P12,C3/P12
矩叶卫矛,15,1,C3,P12,C3/P12
矩叶卫矛,29,1,C3,P12,C3/P12
马银花,57,1,C3,P12,C3/P12
满山红,46,1,C3,P12,C3/P12
毛花连蕊茶,29,1,C3,P12,C3/P12
毛花连蕊茶,57,1,C3,P12,C3/P12
毛花连蕊茶,57,1,C3,P12,C3/P12
毛花连蕊茶,57,1,C3,P12,C3/P12
美丽马醉木,57,1,C3,P12,C3/P12
美丽马醉木,57,1,C3,P12,C3/P12
南酸枣,34,1,C3,P12,C3/P12
南酸枣,57,1,C3,P12,C3/P12
南酸枣,57,1,C3,P12,C3/P12
拟赤杨,57,1,C3,P12,C3/P12
拟赤杨,57,1,C3,P12,C3/P12
披针叶茴香,57,1,C3,P12,C3/P12
山矾,57,1,C3,P12,C3/P12
山矾,57,1,C3,P12,C3/P12
山胡椒,57,1,C3,P12,C3/P12
山胡椒,36,1,C3,P12,C3/P12
山胡椒,57,1,C3,P12,C3/P12
石斑木,57,1,C3,P12,C3/P12
石斑木,23,1,C3,P12,C3/P12
石斑木,23,1,C3,P12,C3/P12
石斑木,57,1,C3,P12,C3/P12
薯豆,21,1,C3,P12,C3/P12
薯豆,29,1,C3,P12,C3/P12
甜槠,57,1,C3,P12,C3/P12
甜槠,57,1,C3,P12,C3/P12
乌冈栎,57,1,C3,P12,C3/P12
小果石笔木,57,1,C3,P12,C3/P12
宜昌荚o,21,1,C3,P12,C3/P12
宜昌荚o,57,1,C3,P12,C3/P12
宜昌荚o,57,1,C3,P12,C3/P12
宜昌荚o,57,1,C3,P12,C3/P12
宜昌荚o,57,1,C3,P12,C3/P12
映山红,40,1,C3,P12,C3/P12
映山红,36,1,C3,P12,C3/P12
浙闽樱,6,1,C3,P12,C3/P12
垂珠花,13,2,C3,P14,C3/P14
垂珠花,11,2,C3,P14,C3/P14
垂珠花,15,2,C3,P14,C3/P14
垂珠花,11,2,C3,P14,C3/P14
垂珠花,8,2,C3,P14,C3/P14
垂珠花,8,2,C3,P14,C3/P14
短柄,11,2,C3,P14,C3/P14
短柄,11,2,C3,P14,C3/P14
短柄,13,2,C3,P14,C3/P14
短柄,11,2,C3,P14,C3/P14
短柄,11,2,C3,P14,C3/P14
枫香,11,2,C3,P14,C3/P14
枫香,8,2,C3,P14,C3/P14
光叶石楠,11,2,C3,P14,C3/P14
光叶石楠,11,2,C3,P14,C3/P14
光叶石楠,11,2,C3,P14,C3/P14
光叶石楠,13,2,C3,P14,C3/P14
光叶石楠,11,2,C3,P14,C3/P14
红淡比,11,2,C3,P14,C3/P14
红淡比,18,2,C3,P14,C3/P14
红淡比,23,2,C3,P14,C3/P14
红淡比,57,2,C3,P14,C3/P14
红淡比,11,2,C3,P14,C3/P14
红淡比,11,2,C3,P14,C3/P14
红枝柴,21,2,C3,P14,C3/P14
红枝柴,29,2,C3,P14,C3/P14
红枝柴,34,2,C3,P14,C3/P14
红枝柴,13,2,C3,P14,C3/P14
红枝柴,21,2,C3,P14,C3/P14
黄瑞木,29,2,C3,P14,C3/P14
黄瑞木,13,2,C3,P14,C3/P14
黄瑞木,11,2,C3,P14,C3/P14
黄瑞木,13,2,C3,P14,C3/P14
灰白蜡瓣花,21,2,C3,P14,C3/P14
灰白蜡瓣花,29,2,C3,P14,C3/P14
灰白蜡瓣花,8,2,C3,P14,C3/P14
灰白蜡瓣花,29,2,C3,P14,C3/P14
木,18,2,C3,P14,C3/P14
木,15,2,C3,P14,C3/P14
木,13,2,C3,P14,C3/P14
木,11,2,C3,P14,C3/P14
木,11,2,C3,P14,C3/P14
雷公鹅耳枥,18,2,C3,P14,C3/P14
雷公鹅耳枥,18,2,C3,P14,C3/P14
雷公鹅耳枥,23,2,C3,P14,C3/P14
雷公鹅耳枥,21,2,C3,P14,C3/P14
雷公鹅耳枥,18,2,C3,P14,C3/P14
马银花,29,2,C3,P14,C3/P14
马银花,13,2,C3,P14,C3/P14
马银花,18,2,C3,P14,C3/P14
马银花,13,2,C3,P14,C3/P14
马银花,18,2,C3,P14,C3/P14
马银花,18,2,C3,P14,C3/P14
满山红,13,2,C3,P14,C3/P14
满山红,21,2,C3,P14,C3/P14
满山红,18,2,C3,P14,C3/P14
满山红,18,2,C3,P14,C3/P14
毛八角枫,8,2,C3,P14,C3/P14
毛八角枫,8,2,C3,P14,C3/P14
毛八角枫,11,2,C3,P14,C3/P14
毛花连蕊茶,13,2,C3,P14,C3/P14
毛花连蕊茶,18,2,C3,P14,C3/P14
毛花连蕊茶,15,2,C3,P14,C3/P14
毛花连蕊茶,18,2,C3,P14,C3/P14
美丽马醉木,18,2,C3,P14,C3/P14
美丽马醉木,8,2,C3,P14,C3/P14
美丽马醉木,15,2,C3,P14,C3/P14
美丽马醉木,13,2,C3,P14,C3/P14
美丽马醉木,13,2,C3,P14,C3/P14
南酸枣,8,2,C3,P14,C3/P14
南酸枣,13,2,C3,P14,C3/P14
南酸枣,18,2,C3,P14,C3/P14
南酸枣,11,2,C3,P14,C3/P14
南酸枣,15,2,C3,P14,C3/P14
拟赤杨,6,2,C3,P14,C3/P14
拟赤杨,11,2,C3,P14,C3/P14
拟赤杨,6,2,C3,P14,C3/P14
披针叶茴香,18,2,C3,P14,C3/P14
披针叶茴香,23,2,C3,P14,C3/P14
披针叶茴香,13,2,C3,P14,C3/P14
披针叶茴香,18,2,C3,P14,C3/P14
披针叶茴香,15,2,C3,P14,C3/P14
披针叶茴香,13,2,C3,P14,C3/P14
山矾,11,2,C3,P14,C3/P14
山矾,8,2,C3,P14,C3/P14
山矾,11,2,C3,P14,C3/P14
山胡椒,29,2,C3,P14,C3/P14
石斑木,50,2,C3,P14,C3/P14
石斑木,32,2,C3,P14,C3/P14
石斑木,11,2,C3,P14,C3/P14
石斑木,15,2,C3,P14,C3/P14
薯豆,18,2,C3,P14,C3/P14
薯豆,36,2,C3,P14,C3/P14
薯豆,25,2,C3,P14,C3/P14
甜槠,48,2,C3,P14,C3/P14
甜槠,34,2,C3,P14,C3/P14
甜槠,55,2,C3,P14,C3/P14
甜槠,32,2,C3,P14,C3/P14
乌冈栎,27,2,C3,P14,C3/P14
乌冈栎,43,2,C3,P14,C3/P14
小果石笔木,13,2,C3,P14,C3/P14
小果石笔木,11,2,C3,P14,C3/P14
小果石笔木,11,2,C3,P14,C3/P14
小果石笔木,18,2,C3,P14,C3/P14
小果石笔木,15,2,C3,P14,C3/P14
小叶石楠,8,2,C3,P14,C3/P14
小叶石楠,13,2,C3,P14,C3/P14
小叶石楠,15,2,C3,P14,C3/P14
小叶石楠,11,2,C3,P14,C3/P14
小叶石楠,15,2,C3,P14,C3/P14
小叶石楠,13,2,C3,P14,C3/P14
宜昌荚o,4,2,C3,P14,C3/P14
宜昌荚o,8,2,C3,P14,C3/P14
宜昌荚o,6,2,C3,P14,C3/P14
宜昌荚o,4,2,C3,P14,C3/P14
宜昌荚o,4,2,C3,P14,C3/P14
宜昌荚o,4,2,C3,P14,C3/P14
映山红,13,2,C3,P14,C3/P14
映山红,25,2,C3,P14,C3/P14
映山红,18,2,C3,P14,C3/P14
映山红,21,2,C3,P14,C3/P14
映山红,13,2,C3,P14,C3/P14
郁香野茉莉,13,2,C3,P14,C3/P14
郁香野茉莉,13,2,C3,P14,C3/P14
浙江柿,15,2,C3,P14,C3/P14
浙江柿,15,2,C3,P14,C3/P14
浙江柿,13,2,C3,P14,C3/P14
浙江柿,11,2,C3,P14,C3/P14
浙江柿,11,2,C3,P14,C3/P14
浙江柿,13,2,C3,P14,C3/P14
浙闽樱,4,2,C3,P14,C3/P14
浙闽樱,4,2,C3,P14,C3/P14
浙闽樱,4,2,C3,P14,C3/P14
浙闽樱,6,2,C3,P14,C3/P14
紫果槭,8,2,C3,P14,C3/P14
紫果槭,11,2,C3,P14,C3/P14
紫果槭,6,2,C3,P14,C3/P14
紫果槭,6,2,C3,P14,C3/P14
紫果槭,8,2,C3,P14,C3/P14
紫果槭,8,2,C3,P14,C3/P14
短柄,18,1,C3,P14,C3/P14
枫香,57,1,C3,P14,C3/P14
枫香,23,1,C3,P14,C3/P14
枫香,23,1,C3,P14,C3/P14
枫香,57,1,C3,P14,C3/P14
光叶石楠,57,1,C3,P14,C3/P14
红枝柴,57,1,C3,P14,C3/P14
黄瑞木,57,1,C3,P14,C3/P14
黄瑞木,57,1,C3,P14,C3/P14
灰白蜡瓣花,57,1,C3,P14,C3/P14
灰白蜡瓣花,57,1,C3,P14,C3/P14
木,57,1,C3,P14,C3/P14
矩叶卫矛,57,1,C3,P14,C3/P14
矩叶卫矛,57,1,C3,P14,C3/P14
矩叶卫矛,57,1,C3,P14,C3/P14
矩叶卫矛,57,1,C3,P14,C3/P14
矩叶卫矛,57,1,C3,P14,C3/P14
矩叶卫矛,57,1,C3,P14,C3/P14
雷公鹅耳枥,23,1,C3,P14,C3/P14
满山红,32,1,C3,P14,C3/P14
满山红,34,1,C3,P14,C3/P14
毛八角枫,57,1,C3,P14,C3/P14
毛八角枫,57,1,C3,P14,C3/P14
毛八角枫,15,1,C3,P14,C3/P14
毛花连蕊茶,57,1,C3,P14,C3/P14
毛花连蕊茶,57,1,C3,P14,C3/P14
美丽马醉木,57,1,C3,P14,C3/P14
南酸枣,32,1,C3,P14,C3/P14
拟赤杨,57,1,C3,P14,C3/P14
拟赤杨,57,1,C3,P14,C3/P14
拟赤杨,57,1,C3,P14,C3/P14
山矾,57,1,C3,P14,C3/P14
山矾,57,1,C3,P14,C3/P14
山矾,57,1,C3,P14,C3/P14
山胡椒,57,1,C3,P14,C3/P14
山胡椒,57,1,C3,P14,C3/P14
山胡椒,46,1,C3,P14,C3/P14
山胡椒,46,1,C3,P14,C3/P14
山胡椒,57,1,C3,P14,C3/P14
石斑木,57,1,C3,P14,C3/P14
石斑木,57,1,C3,P14,C3/P14
薯豆,13,1,C3,P14,C3/P14
薯豆,15,1,C3,P14,C3/P14
薯豆,15,1,C3,P14,C3/P14
甜槠,57,1,C3,P14,C3/P14
甜槠,50,1,C3,P14,C3/P14
乌冈栎,57,1,C3,P14,C3/P14
乌冈栎,57,1,C3,P14,C3/P14
乌冈栎,57,1,C3,P14,C3/P14
乌冈栎,27,1,C3,P14,C3/P14
小果石笔木,57,1,C3,P14,C3/P14
映山红,34,1,C3,P14,C3/P14
郁香野茉莉,27,1,C3,P14,C3/P14
郁香野茉莉,57,1,C3,P14,C3/P14
浙闽樱,11,1,C3,P14,C3/P14
浙闽樱,6,1,C3,P14,C3/P14
